Workbook

Sheet Raw Data
A1: Date | B1: Ticker(Stock Name) | C1: Quantity | D1: Price Per Share
A2: 45659 | B2: WDS | C2: 8 | D2: 24.66
A3: 45659 | B3: BHP | C3: 5 | D3: 39.5
A4: 45659 | B4: TCL | C4: 14 | D4: 13.42
A5: 45659 | B5: WOW | C5: 6 | D5: 30.35
A6: 45659 | B6: REG | C6: 33 | D6: 5.94
A7: 45659 | B7: ANZ | C7: 7 | D7: 28.43
A8: 45659 | B8: NXT | C8: 13 | D8: 14.77
A9: 45659 | B9: TLS | C9: 50 | D9: 4
A10: 45659 | B10: ORG | C10: 18 | D10: 10.84
A11: 45659 | B11: GMG | C11: 5 | D11: 35.54
A12: 45691 | B12: WDS | C12: 8 | D12: 24.42
A13: 45691 | B13: BHP | C13: 5 | D13: 39.43
... A161: 46113 | B161: GMG | C161: 7 | D161: 25.9

Sheet Price Table
A1: Ticker Names | B1: CMP
A2: WDS | B2: 30.65
A3: BHP | B3: 60.55
A4: TCL | B4: 14.54
A5: WOW | B5: 34.94
A6: REG | B6: 6.49
A7: ANZ | B7: 34.89
A8: NXT | B8: 14.98
A9: TLS | B9: 5.23
A10: ORG | B10: 10.89
A11: GMG | B11: 30.77

Sheet Dim_Calendar
A1: Date | B1: Year | C1: Month Number | D1: Month Name | E1: Quarter
A2: 45658 | B2: 2025 | C2: 1 | D2: January | E2: Q1
A3: 45659 | B3: 2025 | C3: 1 | D3: January | E3: Q1
A4: 45660 | B4: 2025 | C4: 1 | D4: January | E4: Q1
A5: 45661 | B5: 2025 | C5: 1 | D5: January | E5: Q1
A6: 45662 | B6: 2025 | C6: 1 | D6: January | E6: Q1
A7: 45663 | B7: 2025 | C7: 1 | D7: January | E7: Q1
A8: 45664 | B8: 2025 | C8: 1 | D8: January | E8: Q1
A9: 45665 | B9: 2025 | C9: 1 | D9: January | E9: Q1
A10: 45666 | B10: 2025 | C10: 1 | D10: January | E10: Q1
A11: 45667 | B11: 2025 | C11: 1 | D11: January | E11: Q1
A12: 45668 | B12: 2025 | C12: 1 | D12: January | E12: Q1
A13: 45669 | B13: 2025 | C13: 1 | D13: January | E13: Q1
... A731: 46387 | B731: 2026 | C731: 12 | D731: December | E731: Q4

Sheet Fact Dividends
A1: Date | B1: Ticker(Stock Name) | C1: Account | D1: Amount Received | E1: Re-invested
A2: 45662 | B2: NXT | C2: Mine | D2: 9.75 | E2: Pending
A3: 45662 | B3: NXT | C3: Mum | D3: 10 | E3: Pending
A4: 45713 | B4: TCL | C4: Mine | D4: 4.48 | E4: Pending
A5: 45713 | B5: GMG | C5: Mine | D5: 0.75 | E5: Pending
A6: 45713 | B6: TCL | C6: Mum | D6: 4.8 | E6: Pending
A7: 45713 | B7: GMG | C7: Mum | D7: 0.75 | E7: Pending
A8: 45742 | B8: TLS | C8: Mine | D8: 5.25 | E8: Pending
A9: 45742 | B9: TLS | C9: Mum | D9: 10.19 | E9: Pending
A10: 45743 | B10: BHP | C10: Mine | D10: 7.91 | E10: Pending
A11: 45743 | B11: TLS | C11: Mine | D11: 4.75 | E11: Pending
A12: 45743 | B12: BHP | C12: Mum | D12: 3.95 | E12: Pending
A13: 45743 | B13: TLS | C13: Mum | D13: 9.22 | E13: Pending
... A57: 46121 | B57: REG | C57: Mum | D57: 20.25 | E57: Pending

Sheet Fact Trades
A1: Date | B1: Ticker(Stock Name) | C1: Account | D1: Transaction Type | E1: Investment Type | F1: Quantity | G1: Price Per Share | H1: Total Amount | I1: XIRR Cashflow | J1: Investment Occasion
A2: 45659 | B2: WDS | C2: Mine | D2: Buy | E2: Fresh | F2: {=_xlfn.XLOOKUP(A2&B2,'Raw Data'!A:A & 'Raw Data'!B:B, 'Raw Data'!C:C, "", 0)} -> 8 | G2: {=_xlfn.XLOOKUP(A2&B2,'Raw Data'!A:A & 'Raw Data'!B:B, 'Raw Data'!D:D, "", 0)} -> 24.66 | H2: =IF(A2="", "", F2*G2) -> 197.28 | I2: {=_xlfn.IFS(E2="Dividend", 0, AND(D2="Buy", E2="Fresh"), -H2, AND(D2="Sell", E2="Fresh"), H2, TRUE, "")} -> -197.28 | J2: SIP
A3: 45659 | B3: BHP | C3: Mine | D3: Buy | E3: Fresh | F3: {=_xlfn.XLOOKUP(A3&B3,'Raw Data'!A:A & 'Raw Data'!B:B, 'Raw Data'!C:C, "", 0)} -> 5 | G3: {=_xlfn.XLOOKUP(A3&B3,'Raw Data'!A:A & 'Raw Data'!B:B, 'Raw Data'!D:D, "", 0)} -> 39.5 | H3: =IF(A3="", "", F3*G3) -> 197.5 | I3: {=_xlfn.IFS(E3="Dividend", 0, AND(D3="Buy", E3="Fresh"), -H3, AND(D3="Sell", E3="Fresh"), H3, TRUE, "")} -> -197.5 | J3: SIP
A4: 45659 | B4: TCL | C4: Mine | D4: Buy | E4: Fresh | F4: {=_xlfn.XLOOKUP(A4&B4,'Raw Data'!A:A & 'Raw Data'!B:B, 'Raw Data'!C:C, "", 0)} -> 14 | G4: {=_xlfn.XLOOKUP(A4&B4,'Raw Data'!A:A & 'Raw Data'!B:B, 'Raw Data'!D:D, "", 0)} -> 13.42 | H4: =IF(A4="", "", F4*G4) -> 187.88 | I4: {=_xlfn.IFS(E4="Dividend", 0, AND(D4="Buy", E4="Fresh"), -H4, AND(D4="Sell", E4="Fresh"), H4, TRUE, "")} -> -187.88 | J4: SIP
A5: 45659 | B5: WOW | C5: Mine | D5: Buy | E5: Fresh | F5: {=_xlfn.XLOOKUP(A5&B5,'Raw Data'!A:A & 'Raw Data'!B:B, 'Raw Data'!C:C, "", 0)} -> 6 | G5: {=_xlfn.XLOOKUP(A5&B5,'Raw Data'!A:A & 'Raw Data'!B:B, 'Raw Data'!D:D, "", 0)} -> 30.35 | H5: =IF(A5="", "", F5*G5) -> 182.1 | I5: {=_xlfn.IFS(E5="Dividend", 0, AND(D5="Buy", E5="Fresh"), -H5, AND(D5="Sell", E5="Fresh"), H5, TRUE, "")} -> -182.1 | J5: SIP
A6: 45659 | B6: REG | C6: Mine | D6: Buy | E6: Fresh | F6: {=_xlfn.XLOOKUP(A6&B6,'Raw Data'!A:A & 'Raw Data'!B:B, 'Raw Data'!C:C, "", 0)} -> 33 | G6: {=_xlfn.XLOOKUP(A6&B6,'Raw Data'!A:A & 'Raw Data'!B:B, 'Raw Data'!D:D, "", 0)} -> 5.94 | H6: =IF(A6="", "", F6*G6) -> 196.02 | I6: {=_xlfn.IFS(E6="Dividend", 0, AND(D6="Buy", E6="Fresh"), -H6, AND(D6="Sell", E6="Fresh"), H6, TRUE, "")} -> -196.02 | J6: SIP
A7: 45659 | B7: ANZ | C7: Mum | D7: Buy | E7: Fresh | F7: {=_xlfn.XLOOKUP(A7&B7,'Raw Data'!A:A & 'Raw Data'!B:B, 'Raw Data'!C:C, "", 0)} -> 7 | G7: {=_xlfn.XLOOKUP(A7&B7,'Raw Data'!A:A & 'Raw Data'!B:B, 'Raw Data'!D:D, "", 0)} -> 28.43 | H7: =IF(A7="", "", F7*G7) -> 199.01 | I7: {=_xlfn.IFS(E7="Dividend", 0, AND(D7="Buy", E7="Fresh"), -H7, AND(D7="Sell", E7="Fresh"), H7, TRUE, "")} -> -199.01 | J7: SIP
A8: 45659 | B8: NXT | C8: Mum | D8: Buy | E8: Fresh | F8: {=_xlfn.XLOOKUP(A8&B8,'Raw Data'!A:A & 'Raw Data'!B:B, 'Raw Data'!C:C, "", 0)} -> 13 | G8: {=_xlfn.XLOOKUP(A8&B8,'Raw Data'!A:A & 'Raw Data'!B:B, 'Raw Data'!D:D, "", 0)} -> 14.77 | H8: =IF(A8="", "", F8*G8) -> 192.01 | I8: {=_xlfn.IFS(E8="Dividend", 0, AND(D8="Buy", E8="Fresh"), -H8, AND(D8="Sell", E8="Fresh"), H8, TRUE, "")} -> -192.01 | J8: SIP
A9: 45659 | B9: TLS | C9: Mum | D9: Buy | E9: Fresh | F9: {=_xlfn.XLOOKUP(A9&B9,'Raw Data'!A:A & 'Raw Data'!B:B, 'Raw Data'!C:C, "", 0)} -> 50 | G9: {=_xlfn.XLOOKUP(A9&B9,'Raw Data'!A:A & 'Raw Data'!B:B, 'Raw Data'!D:D, "", 0)} -> 4 | H9: =IF(A9="", "", F9*G9) -> 200 | I9: {=_xlfn.IFS(E9="Dividend", 0, AND(D9="Buy", E9="Fresh"), -H9, AND(D9="Sell", E9="Fresh"), H9, TRUE, "")} -> -200 | J9: SIP
A10: 45659 | B10: ORG | C10: Mum | D10: Buy | E10: Fresh | F10: {=_xlfn.XLOOKUP(A10&B10,'Raw Data'!A:A & 'Raw Data'!B:B, 'Raw Data'!C:C, "", 0)} -> 18 | G10: {=_xlfn.XLOOKUP(A10&B10,'Raw Data'!A:A & 'Raw Data'!B:B, 'Raw Data'!D:D, "", 0)} -> 10.84 | H10: =IF(A10="", "", F10*G10) -> 195.12 | I10: {=_xlfn.IFS(E10="Dividend", 0, AND(D10="Buy", E10="Fresh"), -H10, AND(D10="Sell", E10="Fresh"), H10, TRUE, "")} -> -195.12 | J10: SIP
A11: 45659 | B11: GMG | C11: Mum | D11: Buy | E11: Fresh | F11: {=_xlfn.XLOOKUP(A11&B11,'Raw Data'!A:A & 'Raw Data'!B:B, 'Raw Data'!C:C, "", 0)} -> 5 | G11: {=_xlfn.XLOOKUP(A11&B11,'Raw Data'!A:A & 'Raw Data'!B:B, 'Raw Data'!D:D, "", 0)} -> 35.54 | H11: =IF(A11="", "", F11*G11) -> 177.7 | I11: {=_xlfn.IFS(E11="Dividend", 0, AND(D11="Buy", E11="Fresh"), -H11, AND(D11="Sell", E11="Fresh"), H11, TRUE, "")} -> -177.7 | J11: SIP
A12: 45691 | B12: WDS | C12: Mum | D12: Buy | E12: Fresh | F12: {=_xlfn.XLOOKUP(A12&B12,'Raw Data'!A:A & 'Raw Data'!B:B, 'Raw Data'!C:C, "", 0)} -> 8 | G12: {=_xlfn.XLOOKUP(A12&B12,'Raw Data'!A:A & 'Raw Data'!B:B, 'Raw Data'!D:D, "", 0)} -> 24.42 | H12: =IF(A12="", "", F12*G12) -> 195.36 | I12: {=_xlfn.IFS(E12="Dividend", 0, AND(D12="Buy", E12="Fresh"), -H12, AND(D12="Sell", E12="Fresh"), H12, TRUE, "")} -> -195.36 | J12: SIP
A13: 45691 | B13: BHP | C13: Mum | D13: Buy | E13: Fresh | F13: {=_xlfn.XLOOKUP(A13&B13,'Raw Data'!A:A & 'Raw Data'!B:B, 'Raw Data'!C:C, "", 0)} -> 5 | G13: {=_xlfn.XLOOKUP(A13&B13,'Raw Data'!A:A & 'Raw Data'!B:B, 'Raw Data'!D:D, "", 0)} -> 39.43 | H13: =IF(A13="", "", F13*G13) -> 197.15 | I13: {=_xlfn.IFS(E13="Dividend", 0, AND(D13="Buy", E13="Fresh"), -H13, AND(D13="Sell", E13="Fresh"), H13, TRUE, "")} -> -197.15 | J13: SIP
... A90: 45901 | B90: ORG | C90: Mum | D90: Buy | E90: Fresh | F90: {=_xlfn.XLOOKUP(A90&B90,'Raw Data'!A:A & 'Raw Data'!B:B, 'Raw Data'!C:C, "", 0)} -> 15 | G90: {=_xlfn.XLOOKUP(A90&B90,'Raw Data'!A:A & 'Raw Data'!B:B, 'Raw Data'!D:D, "", 0)} -> 12.95 | H90: =IF(A90="", "", F90*G90) -> 194.25 | I90: {=_xlfn.IFS(E90="Dividend", 0, AND(D90="Buy", E90="Fresh"), -H90, AND(D90="Sell", E90="Fresh"), H90, TRUE, "")} -> -194.25 | J90: SIP
A91: 45901 | B91: GMG | D91: Buy | E91: Fresh | F91: {=_xlfn.XLOOKUP(A91&B91,'Raw Data'!A:A & 'Raw Data'!B:B, 'Raw Data'!C:C, "", 0)} -> 5 | G91: {=_xlfn.XLOOKUP(A91&B91,'Raw Data'!A:A & 'Raw Data'!B:B, 'Raw Data'!D:D, "", 0)} -> 34.25 | H91: =IF(A91="", "", F91*G91) -> 171.25 | I91: {=_xlfn.IFS(E91="Dividend", 0, AND(D91="Buy", E91="Fresh"), -H91, AND(D91="Sell", E91="Fresh"), H91, TRUE, "")} -> -171.25 | J91: SIP
A92: 45931 | B92: WDS | C92: Mum | D92: Buy | E92: Fresh | F92: {=_xlfn.XLOOKUP(A92&B92,'Raw Data'!A:A & 'Raw Data'!B:B, 'Raw Data'!C:C, "", 0)} -> 8 | G92: {=_xlfn.XLOOKUP(A92&B92,'Raw Data'!A:A & 'Raw Data'!B:B, 'Raw Data'!D:D, "", 0)} -> 22.81 | H92: =IF(A92="", "", F92*G92) -> 182.48 | I92: {=_xlfn.IFS(E92="Dividend", 0, AND(D92="Buy", E92="Fresh"), -H92, AND(D92="Sell", E92="Fresh"), H92, TRUE, "")} -> -182.48 | J92: SIP
A93: 45931 | B93: BHP | C93: Mum | D93: Buy | E93: Fresh | F93: {=_xlfn.XLOOKUP(A93&B93,'Raw Data'!A:A & 'Raw Data'!B:B, 'Raw Data'!C:C, "", 0)} -> 4 | G93: {=_xlfn.XLOOKUP(A93&B93,'Raw Data'!A:A & 'Raw Data'!B:B, 'Raw Data'!D:D, "", 0)} -> 42.05 | H93: =IF(A93="", "", F93*G93) -> 168.2 | I93: {=_xlfn.IFS(E93="Dividend", 0, AND(D93="Buy", E93="Fresh"), -H93, AND(D93="Sell", E93="Fresh"), H93, TRUE, "")} -> -168.2 | J93: SIP
A94: 45931 | B94: TCL | C94: Mum | D94: Buy | E94: Fresh | F94: {=_xlfn.XLOOKUP(A94&B94,'Raw Data'!A:A & 'Raw Data'!B:B, 'Raw Data'!C:C, "", 0)} -> 14 | G94: {=_xlfn.XLOOKUP(A94&B94,'Raw Data'!A:A & 'Raw Data'!B:B, 'Raw Data'!D:D, "", 0)} -> 13.79 | H94: =IF(A94="", "", F94*G94) -> 193.06 | I94: {=_xlfn.IFS(E94="Dividend", 0, AND(D94="Buy", E94="Fresh"), -H94, AND(D94="Sell", E94="Fresh"), H94, TRUE, "")} -> -193.06 | J94: SIP
A95: 45931 | B95: WOW | C95: Mum | D95: Buy | E95: Fresh | F95: {=_xlfn.XLOOKUP(A95&B95,'Raw Data'!A:A & 'Raw Data'!B:B, 'Raw Data'!C:C, "", 0)} -> 7 | G95: {=_xlfn.XLOOKUP(A95&B95,'Raw Data'!A:A & 'Raw Data'!B:B, 'Raw Data'!D:D, "", 0)} -> 26.66 | H95: =IF(A95="", "", F95*G95) -> 186.62 | I95: {=_xlfn.IFS(E95="Dividend", 0, AND(D95="Buy", E95="Fresh"), -H95, AND(D95="Sell", E95="Fresh"), H95, TRUE, "")} -> -186.62 | J95: SIP
A96: 45931 | B96: REG | C96: Mum | D96: Buy | E96: Fresh | F96: {=_xlfn.XLOOKUP(A96&B96,'Raw Data'!A:A & 'Raw Data'!B:B, 'Raw Data'!C:C, "", 0)} -> 33 | G96: {=_xlfn.XLOOKUP(A96&B96,'Raw Data'!A:A & 'Raw Data'!B:B, 'Raw Data'!D:D, "", 0)} -> 6.02 | H96: =IF(A96="", "", F96*G96) -> 198.66 | I96: {=_xlfn.IFS(E96="Dividend", 0, AND(D96="Buy", E96="Fresh"), -H96, AND(D96="Sell", E96="Fresh"), H96, TRUE, "")} -> -198.66 | J96: SIP
A97: 45931 | B97: ANZ | C97: Mine | D97: Buy | E97: Fresh | F97: {=_xlfn.XLOOKUP(A97&B97,'Raw Data'!A:A & 'Raw Data'!B:B, 'Raw Data'!C:C, "", 0)} -> 6 | G97: {=_xlfn.XLOOKUP(A97&B97,'Raw Data'!A:A & 'Raw Data'!B:B, 'Raw Data'!D:D, "", 0)} -> 33.05 | H97: =IF(A97="", "", F97*G97) -> 198.3 | I97: {=_xlfn.IFS(E97="Dividend", 0, AND(D97="Buy", E97="Fresh"), -H97, AND(D97="Sell", E97="Fresh"), H97, TRUE, "")} -> -198.3 | J97: SIP
A98: 45931 | B98: NXT | C98: Mine | D98: Buy | E98: Fresh | F98: {=_xlfn.XLOOKUP(A98&B98,'Raw Data'!A:A & 'Raw Data'!B:B, 'Raw Data'!C:C, "", 0)} -> 12 | G98: {=_xlfn.XLOOKUP(A98&B98,'Raw Data'!A:A & 'Raw Data'!B:B, 'Raw Data'!D:D, "", 0)} -> 16.6 | H98: =IF(A98="", "", F98*G98) -> 199.2 | I98: {=_xlfn.IFS(E98="Dividend", 0, AND(D98="Buy", E98="Fresh"), -H98, AND(D98="Sell", E98="Fresh"), H98, TRUE, "")} -> -199.2 | J98: SIP
A99: 45931 | B99: TLS | C99: Mine | D99: Buy | E99: Fresh | F99: {=_xlfn.XLOOKUP(A99&B99,'Raw Data'!A:A & 'Raw Data'!B:B, 'Raw Data'!C:C, "", 0)} -> 41 | G99: {=_xlfn.XLOOKUP(A99&B99,'Raw Data'!A:A & 'Raw Data'!B:B, 'Raw Data'!D:D, "", 0)} -> 4.84 | H99: =IF(A99="", "", F99*G99) -> 198.44 | I99: {=_xlfn.IFS(E99="Dividend", 0, AND(D99="Buy", E99="Fresh"), -H99, AND(D99="Sell", E99="Fresh"), H99, TRUE, "")} -> -198.44 | J99: SIP
A100: 45931 | B100: ORG | C100: Mine | D100: Buy | E100: Fresh | F100: {=_xlfn.XLOOKUP(A100&B100,'Raw Data'!A:A & 'Raw Data'!B:B, 'Raw Data'!C:C, "", 0)} -> 15 | G100: {=_xlfn.XLOOKUP(A100&B100,'Raw Data'!A:A & 'Raw Data'!B:B, 'Raw Data'!D:D, "", 0)} -> 12.52 | H100: =IF(A100="", "", F100*G100) -> 187.8 | I100: {=_xlfn.IFS(E100="Dividend", 0, AND(D100="Buy", E100="Fresh"), -H100, AND(D100="Sell", E100="Fresh"), H100, TRUE, "")} -> -187.8 | J100: SIP
A101: 45931 | B101: GMG | C101: Mine | D101: Buy | E101: Fresh | F101: {=_xlfn.XLOOKUP(A101&B101,'Raw Data'!A:A & 'Raw Data'!B:B, 'Raw Data'!C:C, "", 0)} -> 6 | G101: {=_xlfn.XLOOKUP(A101&B101,'Raw Data'!A:A & 'Raw Data'!B:B, 'Raw Data'!D:D, "", 0)} -> 32.67 | H101: =IF(A101="", "", F101*G101) -> 196.02 | I101: {=_xlfn.IFS(E101="Dividend", 0, AND(D101="Buy", E101="Fresh"), -H101, AND(D101="Sell", E101="Fresh"), H101, TRUE, "")} -> -196.02 | J101: SIP
A102: 45964 | B102: WDS | C102: Mine | D102: Buy | E102: Fresh | F102: {=_xlfn.XLOOKUP(A102&B102,'Raw Data'!A:A & 'Raw Data'!B:B, 'Raw Data'!C:C, "", 0)} -> 8 | G102: {=_xlfn.XLOOKUP(A102&B102,'Raw Data'!A:A & 'Raw Data'!B:B, 'Raw Data'!D:D, "", 0)} -> 24.8 | H102: =IF(A102="", "", F102*G102) -> 198.4 | I102: {=_xlfn.IFS(E102="Dividend", 0, AND(D102="Buy", E102="Fresh"), -H102, AND(D102="Sell", E102="Fresh"), H102, TRUE, "")} -> -198.4 | J102: SIP
A103: 45964 | B103: BHP | C103: Mine | D103: Buy | E103: Fresh | F103: {=_xlfn.XLOOKUP(A103&B103,'Raw Data'!A:A & 'Raw Data'!B:B, 'Raw Data'!C:C, "", 0)} -> 4 | G103: {=_xlfn.XLOOKUP(A103&B103,'Raw Data'!A:A & 'Raw Data'!B:B, 'Raw Data'!D:D, "", 0)} -> 43.45 | H103: =IF(A103="", "", F103*G103) -> 173.8 | I103: {=_xlfn.IFS(E103="Dividend", 0, AND(D103="Buy", E103="Fresh"), -H103, AND(D103="Sell", E103="Fresh"), H103, TRUE, "")} -> -173.8 | J103: SIP
... A161: 46113 | B161: GMG | C161: Mine | D161: Buy | E161: Fresh | F161: {=_xlfn.XLOOKUP(A161&B161,'Raw Data'!A:A & 'Raw Data'!B:B, 'Raw Data'!C:C, "", 0)} -> 7 | G161: {=_xlfn.XLOOKUP(A161&B161,'Raw Data'!A:A & 'Raw Data'!B:B, 'Raw Data'!D:D, "", 0)} -> 25.9 | H161: =IF(A161="", "", F161*G161) -> 181.3 | I161: {=_xlfn.IFS(E161="Dividend", 0, AND(D161="Buy", E161="Fresh"), -H161, AND(D161="Sell", E161="Fresh"), H161, TRUE, "")} -> -181.3 | J161: SIP
H162: =IF(A162="", "", F162*G162) | I162: {=_xlfn.IFS(E162="Dividend", 0, AND(D162="Buy", E162="Fresh"), -H162, AND(D162="Sell", E162="Fresh"), H162, TRUE, "")}
H163: =IF(A163="", "", F163*G163) | I163: {=_xlfn.IFS(E163="Dividend", 0, AND(D163="Buy", E163="Fresh"), -H163, AND(D163="Sell", E163="Fresh"), H163, TRUE, "")}
H164: =IF(A164="", "", F164*G164) | I164: {=_xlfn.IFS(E164="Dividend", 0, AND(D164="Buy", E164="Fresh"), -H164, AND(D164="Sell", E164="Fresh"), H164, TRUE, "")}
H165: =IF(A165="", "", F165*G165) | I165: {=_xlfn.IFS(E165="Dividend", 0, AND(D165="Buy", E165="Fresh"), -H165, AND(D165="Sell", E165="Fresh"), H165, TRUE, "")}
H166: =IF(A166="", "", F166*G166) | I166: {=_xlfn.IFS(E166="Dividend", 0, AND(D166="Buy", E166="Fresh"), -H166, AND(D166="Sell", E166="Fresh"), H166, TRUE, "")}
H167: =IF(A167="", "", F167*G167) | I167: {=_xlfn.IFS(E167="Dividend", 0, AND(D167="Buy", E167="Fresh"), -H167, AND(D167="Sell", E167="Fresh"), H167, TRUE, "")}
H168: =IF(A168="", "", F168*G168) | I168: {=_xlfn.IFS(E168="Dividend", 0, AND(D168="Buy", E168="Fresh"), -H168, AND(D168="Sell", E168="Fresh"), H168, TRUE, "")}
H169: =IF(A169="", "", F169*G169) | I169: {=_xlfn.IFS(E169="Dividend", 0, AND(D169="Buy", E169="Fresh"), -H169, AND(D169="Sell", E169="Fresh"), H169, TRUE, "")}
